id,name,surname,email,age
2921,Pino,Rossi,pino@gmail.com,50
2922,Pluto,Plutos,pluto@gmail.com,101
2923,Matteo,Laneri,matteo@gmail.com,27
2924,Lory,Lorella,lori@gmail.com,20
3006,Pino,Rossi,pino@gmail.com,50
3007,Pluto,Plutos,pluto@gmail.com,101
3008,Matteo,Laneri,matteo@gmail.com,27
3009,Lory,Lorella,lori@gmail.com,20
3010,Pino,Rossi,pino@gmail.com,50
3011,Pluto,Plutos,pluto@gmail.com,101
3012,Matteo,Laneri,matteo@gmail.com,27
3013,Lory,Lorella,lori@gmail.com,20
3014,Pino,Rossi,pino@gmail.com,50
3015,Pluto,Plutos,pluto@gmail.com,101
3016,Matteo,Laneri,matteo@gmail.com,27
3017,Lory,Lorella,lori@gmail.com,20
